identifier,size,time
0,100,0.001115
1,200,0.003112
2,500,0.030581
3,800,0.112745
4,1000,0.214272
