identifier,size,time
0,100,0.000383
1,200,0.000669
2,500,0.005807
3,800,0.019475
4,1000,0.037110
